,index,Filename,Date,JDate,Julian,TTR,WordCount,UniqueWords,MLU,Fillers,NSNouns,LIVerbs,$,'',",",.,:,CC,CD,DT,EX,FW,IN,JJ,JJR,JJS,MD,NN,NNP,NNPS,NNS,PRP,PRP$,RB,RP,TO,UH,VB,VBD,VBG,VBN,VBP,VBZ,WDT,WP,WRB,``,PDT,POS,RBS,WP$,RBR,Segment,WC,Analytic,Clout,Authentic,Tone,WPS,Sixltr,Dic,function,pronoun,ppron,i,we,you,shehe,they,ipron,article,prep,auxverb,adverb,conj,negate,verb,adj,compare,interrog,number,quant,affect,posemo,negemo,anx,anger,sad,social,family,friend,female,male,cogproc,insight,cause,discrep,tentat,certain,differ,percept,see,hear,feel,bio,body,health,sexual,ingest,drives,affiliation,achieve,power,reward,risk,focuspast,focuspresent,focusfuture,relativ,motion,space,time,work,leisure,home,money,relig,death,informal,swear,netspeak,assent,nonflu,filler,AllPunc,Period,Comma,Colon,SemiC,QMark,Exclam,Dash,Quote,Apostro,Parenth,OtherP,Nouns,Nouns/100,NounsNormalised,Adjectives,Adjectives/100,AdjectivesNormalised,Adverbs,Adverbs/100,AdverbsNormalised,Verbs,Verbs/100,VerbsNormalised,Pronouns,PronounsNormalised
0,0,Trump - Speech1 - Edited.txt,27/01/2017,2017-01-27,2457780.5,0.281437125748503,1503.0,423.0,17.1,6.0,8.0,70.0,1.0,0.0,107.0,100.0,0.0,81.0,4.0,128.0,1.0,0.0,150.0,85.0,0.0,1.0,39.0,121.0,75.0,3.0,55.0,197.0,19.0,119.0,8.0,39.0,0.0,86.0,44.0,51.0,20.0,103.0,33.0,7.0,12.0,14.0,0.0,2.0,3.0,0.0,0.0,2.0,1,1453,20.23,79.93,54.51,83.33,14.53,15.55,91.81,62.08,21.4,14.11,5.99,3.72,2.55,0.89,0.96,7.3,6.33,11.63,12.8,5.99,8.33,2.06,23.68,4.4,1.45,1.86,0.55,2.41,5.51,4.27,1.03,0.07,0.07,0.21,14.11,0.14,0.07,0.07,0.89,12.04,3.1,1.31,1.45,2.34,1.38,3.92,1.86,0.69,0.76,0.34,0.28,0.0,0.14,0.0,0.07,11.22,5.44,1.58,2.27,1.93,0.76,3.99,15.07,3.44,11.01,2.48,5.64,3.1,2.13,0.07,0.07,0.62,0.21,0.0,0.69,0.0,0.0,0.41,0.28,0.0,19.13,6.61,7.36,0.0,0.0,0.28,0.0,0.0,0.0,4.54,0.0,0.34,254.0,2.54,0.16899534264803726,86.0,0.86,0.057218895542248835,121.0,1.21,0.08050565535595476,337.0,3.37,0.22421823020625417,216.0,0.1437125748502994
1,1,Trump - Speech2 - Edited.txt,10/02/2017,2017-02-10,2457794.5,0.3190862196020633,1357.0,433.0,15.6734693877551,10.0,1.0,62.0,0.0,1.0,79.0,98.0,3.0,62.0,1.0,106.0,1.0,0.0,134.0,93.0,4.0,3.0,48.0,146.0,89.0,5.0,42.0,139.0,25.0,115.0,2.0,44.0,1.0,86.0,27.0,43.0,17.0,72.0,24.0,9.0,8.0,6.0,1.0,0.0,1.0,0.0,0.0,1.0,1,1333,28.55,90.27,48.53,96.57,13.6,14.55,91.82,59.34,17.7,11.4,3.38,5.93,1.65,0.23,0.23,6.3,5.78,11.93,12.83,7.28,7.95,0.83,22.36,5.1,1.88,1.58,0.15,3.08,6.45,5.7,0.75,0.23,0.08,0.23,11.48,0.08,0.0,0.08,0.23,10.43,2.7,2.03,0.9,2.1,1.73,1.88,1.43,0.53,0.3,0.6,0.68,0.08,0.38,0.0,0.15,14.1,6.83,1.95,3.15,2.18,0.9,3.53,14.18,4.73,13.95,2.4,6.6,5.48,3.75,0.15,0.08,1.35,0.45,0.0,0.68,0.0,0.0,0.23,0.45,0.0,17.55,7.35,5.93,0.15,0.08,0.15,0.0,0.45,0.15,3.3,0.0,0.0,282.0,2.82,0.20781134856300662,100.0,1.0,0.07369196757553427,116.0,1.16,0.08548268238761975,269.0,2.69,0.1982313927781872,164.0,0.1208548268238762
2,2,Trump - Speech3 - Edited.txt,13/02/2017,2017-02-13,2457797.5,0.3623503808487487,919.0,333.0,15.537313432835822,8.0,1.0,40.0,0.0,0.0,55.0,67.0,2.0,40.0,1.0,75.0,1.0,1.0,93.0,65.0,3.0,0.0,16.0,81.0,44.0,6.0,51.0,103.0,12.0,84.0,3.0,30.0,0.0,49.0,15.0,32.0,8.0,60.0,21.0,8.0,3.0,8.0,0.0,0.0,0.0,0.0,0.0,4.0,1,896,35.59,93.11,29.37,98.11,13.37,15.18,92.08,58.15,18.42,10.94,1.9,6.7,1.45,0.0,0.89,7.48,5.13,13.17,10.71,7.37,6.47,1.45,20.98,5.58,2.01,1.45,0.78,4.02,8.82,7.03,1.56,0.11,0.0,0.11,13.06,0.11,0.0,0.33,0.22,12.72,1.9,1.67,1.9,2.57,2.01,3.01,1.23,0.67,0.22,0.0,0.22,0.0,0.0,0.0,0.11,14.29,7.7,1.45,2.23,2.12,1.34,2.34,14.29,3.35,12.83,3.24,7.37,2.57,2.01,0.33,0.22,1.23,0.22,0.0,1.23,0.0,0.0,0.45,0.78,0.0,17.86,7.48,6.14,0.0,0.22,0.0,0.0,0.11,0.0,3.91,0.0,0.0,182.0,1.82,0.19804134929270947,68.0,0.68,0.07399347116430903,88.0,0.88,0.0957562568008705,185.0,1.85,0.20130576713819368,115.0,0.1251360174102285
3,3,Trump - Speech4 - Edited.txt,15/02/2017,2017-02-15,2457799.5,0.32367632367632365,1001.0,324.0,13.841463414634148,5.0,7.0,38.0,0.0,0.0,52.0,82.0,2.0,43.0,11.0,87.0,4.0,0.0,87.0,67.0,6.0,2.0,24.0,86.0,39.0,5.0,24.0,124.0,3.0,85.0,4.0,46.0,0.0,72.0,15.0,25.0,23.0,76.0,27.0,8.0,5.0,0.0,0.0,0.0,1.0,0.0,0.0,0.0,1,960,28.86,63.85,47.5,98.78,11.71,12.71,90.94,60.21,18.85,11.04,5.21,1.98,1.98,0.42,1.46,7.81,6.46,12.6,13.33,6.56,7.71,1.35,24.58,6.04,2.81,0.62,1.77,2.6,8.23,6.98,1.15,0.1,0.21,0.21,9.58,0.31,0.1,0.1,0.73,12.71,3.65,1.46,1.77,3.44,0.52,3.44,2.92,1.88,0.52,0.52,0.42,0.0,0.1,0.0,0.0,7.71,2.6,0.94,2.6,1.98,0.42,3.65,16.98,2.81,10.52,1.88,5.73,3.02,1.15,0.31,0.21,0.0,0.21,0.0,0.42,0.0,0.0,0.31,0.1,0.0,20.52,7.92,5.42,0.0,0.21,0.62,0.0,0.62,0.0,5.52,0.0,0.21,154.0,1.54,0.15384615384615385,75.0,0.75,0.07492507492507493,85.0,0.85,0.08491508491508491,238.0,2.38,0.23776223776223776,127.0,0.12687312687312688
4,4,Trump - Speech5 - Edited.txt,16/02/2017,2017-02-16,2457800.5,0.15165165165165165,8658.0,1313.0,12.522167487684731,45.0,48.0,409.0,0.0,15.0,687.0,812.0,22.0,321.0,46.0,765.0,10.0,1.0,736.0,523.0,27.0,18.0,146.0,818.0,422.0,9.0,241.0,1203.0,62.0,729.0,46.0,224.0,36.0,470.0,410.0,204.0,148.0,546.0,265.0,52.0,56.0,52.0,13.0,7.0,15.0,3.0,0.0,8.0,1,8327,17.89,72.38,48.59,69.46,10.27,12.27,91.8,61.16,21.68,13.44,5.85,1.78,2.49,2.15,1.18,8.24,6.23,10.77,13.01,6.41,6.88,2.85,24.2,4.6,2.01,1.5,0.73,2.15,5.92,4.06,1.74,0.11,0.4,0.16,14.31,0.08,0.17,0.46,2.01,13.35,3.3,1.38,1.59,2.59,1.87,3.9,3.11,1.14,1.61,0.35,0.32,0.04,0.18,0.0,0.02,8.26,2.22,1.31,2.49,2.03,0.88,5.51,15.89,2.08,11.47,1.99,5.44,4.01,1.89,0.19,0.14,0.17,0.05,0.04,1.26,0.04,0.02,0.78,0.41,0.0,24.28,9.02,8.25,0.12,0.14,0.77,0.0,0.11,0.34,5.42,0.0,0.12,1490.0,14.9,0.17209517209517208,568.0,5.68,0.0656040656040656,740.0,7.4,0.08547008547008547,2043.0,20.43,0.23596673596673598,1265.0,0.1461076461076461
5,5,Trump - Speech6 - Edited.txt,17/03/2017,2017-03-17,2457829.5,0.3118022328548644,1254.0,391.0,14.098039215686276,8.0,7.0,73.0,1.0,9.0,82.0,102.0,8.0,50.0,7.0,113.0,1.0,1.0,97.0,74.0,8.0,5.0,27.0,124.0,43.0,7.0,47.0,151.0,9.0,137.0,4.0,35.0,2.0,62.0,18.0,33.0,24.0,90.0,43.0,8.0,3.0,6.0,7.0,0.0,0.0,0.0,0.0,0.0,1,1185,25.01,80.76,46.71,96.36,11.62,14.6,91.56,61.6,17.89,11.39,4.05,4.14,2.53,0.0,0.68,6.5,7.76,10.55,13.92,8.44,6.24,2.19,23.04,5.49,2.45,0.93,1.01,3.38,7.51,6.16,1.27,0.08,0.08,0.51,11.98,0.0,0.08,0.17,0.0,12.07,2.03,0.68,1.35,3.29,2.11,3.63,1.6,0.84,0.68,0.08,0.34,0.0,0.25,0.08,0.0,11.39,5.32,1.43,3.46,1.77,0.84,3.12,16.79,3.97,12.15,2.78,5.82,3.88,3.97,0.42,0.08,1.6,0.0,0.0,1.52,0.08,0.34,0.51,0.59,0.0,22.53,8.35,6.92,0.0,0.68,0.25,0.0,0.08,1.35,4.89,0.0,0.0,221.0,2.21,0.1762360446570973,87.0,0.87,0.06937799043062201,137.0,1.37,0.10925039872408293,270.0,2.7,0.215311004784689,160.0,0.12759170653907495
6,6,Trump - Speech7 - Edited.txt,05/04/2017,2017-04-05,2457848.5,0.3479212253829322,914.0,318.0,13.947368421052632,2.0,4.0,46.0,0.0,0.0,70.0,76.0,0.0,45.0,10.0,79.0,3.0,0.0,75.0,60.0,4.0,2.0,25.0,82.0,45.0,2.0,28.0,125.0,6.0,61.0,3.0,21.0,1.0,52.0,30.0,26.0,23.0,59.0,25.0,6.0,7.0,9.0,0.0,0.0,0.0,0.0,0.0,0.0,1,892,14.14,65.69,61.54,37.68,11.74,11.88,91.48,61.55,20.74,12.0,6.17,1.79,3.03,0.22,0.78,8.74,6.5,9.3,15.13,5.94,8.18,1.79,24.22,4.6,2.58,2.35,1.35,3.14,7.29,3.92,3.25,0.78,1.23,0.22,10.76,0.34,0.0,0.0,0.22,10.65,1.68,1.79,1.01,1.91,1.68,3.59,3.7,1.12,1.68,0.9,0.22,0.0,0.0,0.0,0.0,7.96,2.35,1.12,3.14,0.9,1.01,6.05,14.24,3.25,12.56,1.46,6.5,4.93,1.91,0.0,0.11,0.34,0.0,0.22,0.67,0.0,0.0,0.34,0.34,0.0,20.52,7.96,7.85,0.0,0.0,0.56,0.0,0.11,0.0,4.04,0.0,0.0,157.0,1.57,0.17177242888402625,66.0,0.66,0.07221006564551423,61.0,0.61,0.06673960612691467,215.0,2.15,0.23522975929978118,131.0,0.14332603938730853
7,7,Trump - Speech8 - Edited.txt,12/04/2017,2017-04-12,2457855.5,0.31852551984877125,1058.0,337.0,12.74736842105263,4.0,4.0,54.0,0.0,0.0,57.0,95.0,5.0,39.0,3.0,82.0,5.0,0.0,105.0,59.0,2.0,1.0,42.0,90.0,55.0,0.0,25.0,139.0,2.0,92.0,4.0,30.0,0.0,79.0,34.0,31.0,18.0,54.0,42.0,6.0,6.0,3.0,0.0,1.0,2.0,1.0,0.0,2.0,1,1012,15.97,75.55,51.63,61.37,10.65,10.77,94.57,62.15,20.55,11.46,4.55,3.46,1.88,0.79,0.79,9.09,5.63,11.36,14.92,7.91,6.32,2.17,27.67,3.26,1.28,1.38,0.3,2.47,6.42,4.15,2.27,0.49,0.3,0.49,11.96,0.2,0.0,0.0,1.09,14.82,3.36,1.09,3.26,3.66,1.68,3.66,2.96,1.78,0.99,0.2,0.4,0.1,0.2,0.0,0.0,9.88,4.35,1.38,2.17,1.88,1.09,5.04,18.28,4.84,13.74,2.67,6.82,4.64,1.19,0.0,0.1,0.69,0.0,0.4,0.89,0.0,0.0,0.3,0.59,0.0,21.15,8.99,5.63,0.1,0.4,0.4,0.0,0.1,0.0,5.53,0.0,0.0,170.0,1.7,0.16068052930056712,62.0,0.62,0.05860113421550094,95.0,0.95,0.08979206049149338,258.0,2.58,0.2438563327032136,141.0,0.1332703213610586
8,8,Trump - Speech9 - Edited.txt,20/04/2017,2017-04-20,2457863.5,0.3246628131021195,1038.0,337.0,12.050505050505052,3.0,6.0,49.0,0.0,0.0,56.0,99.0,1.0,47.0,10.0,98.0,5.0,0.0,93.0,61.0,5.0,0.0,24.0,95.0,44.0,3.0,22.0,134.0,9.0,99.0,3.0,28.0,3.0,50.0,19.0,32.0,26.0,71.0,39.0,6.0,8.0,1.0,0.0,0.0,1.0,0.0,0.0,1.0,1,991,20.69,72.75,49.25,93.55,10.01,12.11,93.24,62.16,20.18,11.3,4.44,4.14,1.51,0.71,0.5,8.88,6.66,11.3,13.32,7.47,7.37,2.02,24.82,4.44,2.52,1.31,1.51,3.03,6.36,5.25,0.91,0.2,0.1,0.0,11.1,0.0,0.0,0.0,0.71,12.31,2.83,1.11,1.01,3.33,1.72,4.24,3.13,1.61,1.11,0.4,0.61,0.1,0.4,0.0,0.0,11.81,4.34,2.02,3.03,3.03,0.4,3.63,17.96,2.83,11.1,1.21,6.36,4.24,2.02,0.1,0.1,0.3,0.4,0.0,0.81,0.0,0.0,0.5,0.3,0.0,21.9,9.69,5.65,0.0,0.1,0.3,0.0,0.61,0.0,5.35,0.0,0.2,164.0,1.64,0.1579961464354528,66.0,0.66,0.06358381502890173,100.0,1.0,0.09633911368015415,237.0,2.37,0.22832369942196531,143.0,0.13776493256262043
9,9,Trump - Speech10 - Edited.txt,18/05/2017,2017-05-18,2457891.5,0.31628242074927954,1388.0,439.0,13.403361344537814,16.0,6.0,64.0,0.0,1.0,86.0,119.0,6.0,51.0,0.0,122.0,9.0,0.0,132.0,95.0,1.0,3.0,20.0,140.0,70.0,3.0,51.0,152.0,11.0,112.0,4.0,49.0,1.0,67.0,35.0,39.0,20.0,99.0,55.0,13.0,16.0,11.0,1.0,0.0,0.0,0.0,0.0,1.0,1,1338,22.47,82.68,38.24,81.11,11.24,17.94,91.85,60.91,19.43,11.06,3.66,3.59,2.99,0.3,0.52,8.37,6.28,11.73,12.63,8.0,7.77,1.72,23.84,4.63,1.49,2.39,0.37,2.17,7.03,5.01,1.94,0.0,0.3,0.07,11.29,0.0,0.0,0.07,0.3,12.11,2.54,1.64,2.02,2.17,1.64,3.06,2.47,1.42,0.82,0.07,0.6,0.07,0.3,0.0,0.22,9.94,3.89,1.42,3.21,1.57,0.37,4.11,16.82,2.24,12.26,2.69,6.58,3.59,3.29,0.07,0.07,0.97,0.0,0.15,0.45,0.0,0.0,0.07,0.37,0.0,21.15,8.74,6.43,0.15,0.3,0.3,0.0,0.22,0.15,4.71,0.0,0.15,264.0,2.64,0.19020172910662825,99.0,0.99,0.07132564841498559,113.0,1.13,0.0814121037463977,315.0,3.15,0.22694524495677235,163.0,0.11743515850144093
10,10,Trump - Speech11 - Edited.txt,09/06/2017,2017-06-09,2457913.5,0.3566433566433567,1001.0,357.0,11.037383177570092,3.0,2.0,47.0,0.0,0.0,72.0,107.0,5.0,45.0,7.0,93.0,4.0,0.0,74.0,54.0,2.0,0.0,21.0,98.0,54.0,5.0,28.0,120.0,7.0,103.0,1.0,31.0,7.0,63.0,30.0,28.0,18.0,66.0,18.0,3.0,12.0,4.0,0.0,1.0,0.0,0.0,0.0,0.0,1,962,16.63,82.79,30.76,89.84,8.99,13.41,92.62,59.77,19.75,12.37,4.37,3.12,3.22,0.83,0.83,7.38,5.93,9.67,12.27,8.32,6.55,3.22,22.35,3.95,1.04,1.66,1.14,2.49,6.76,5.3,1.46,0.1,0.42,0.42,15.07,0.0,0.31,0.0,1.35,14.97,2.39,1.35,2.7,2.7,2.81,4.37,2.49,0.52,1.66,0.21,0.31,0.1,0.0,0.0,0.0,9.67,4.16,1.46,3.43,1.04,0.52,5.2,14.86,1.77,10.4,1.87,4.57,4.37,2.39,0.21,0.21,2.29,0.0,0.1,1.87,0.0,0.1,0.73,1.14,0.0,23.8,9.56,7.48,0.21,0.31,1.46,0.1,0.21,0.0,4.47,0.0,0.0,185.0,1.85,0.1848151848151848,56.0,0.56,0.055944055944055944,103.0,1.03,0.1028971028971029,223.0,2.23,0.22277722277722278,127.0,0.12687312687312688
11,11,Trump - Speech12 - Edited.txt,13/07/2017,2017-07-13,2457947.5,0.34522560335781743,953.0,329.0,13.107142857142858,1.0,4.0,36.0,0.0,1.0,63.0,84.0,2.0,40.0,11.0,117.0,0.0,0.0,99.0,62.0,1.0,3.0,20.0,112.0,43.0,0.0,28.0,99.0,6.0,82.0,1.0,15.0,3.0,39.0,36.0,18.0,17.0,48.0,29.0,12.0,6.0,1.0,1.0,0.0,0.0,2.0,0.0,0.0,1,925,40.17,80.03,36.43,93.46,11.01,13.3,94.16,59.46,18.16,10.16,3.57,2.16,2.27,1.62,0.54,8.0,9.3,10.81,11.68,6.49,6.7,1.51,20.76,5.73,1.41,0.76,2.16,2.59,6.38,5.19,0.86,0.0,0.11,0.0,12.43,0.32,0.0,0.54,1.73,11.24,2.59,0.97,1.08,4.0,0.86,3.35,2.81,1.3,0.65,0.86,0.22,0.0,0.11,0.0,0.11,10.59,2.49,1.41,3.46,2.7,0.97,4.54,12.97,2.81,12.11,2.27,5.41,5.08,4.54,0.0,0.11,0.32,0.0,0.32,0.76,0.0,0.0,0.43,0.32,0.0,21.62,9.19,6.81,0.11,0.11,0.22,0.0,0.76,0.22,4.22,0.0,0.0,183.0,1.83,0.19202518363064008,66.0,0.66,0.06925498426023086,84.0,0.84,0.08814270724029381,187.0,1.87,0.19622245540398742,105.0,0.11017838405036726
12,12,Trump - Speech13 - Edited.txt,25/07/2017,2017-07-25,2457959.5,0.3666044776119403,1072.0,393.0,13.797752808988767,3.0,3.0,59.0,0.0,0.0,66.0,89.0,5.0,42.0,16.0,94.0,0.0,0.0,106.0,65.0,2.0,0.0,22.0,90.0,71.0,4.0,39.0,131.0,6.0,82.0,6.0,32.0,1.0,58.0,32.0,25.0,18.0,64.0,34.0,10.0,13.0,4.0,0.0,0.0,0.0,0.0,0.0,1.0,1,1038,33.84,77.96,42.37,67.64,11.66,13.97,90.27,59.83,19.56,11.56,3.85,2.6,2.89,1.16,1.06,8.0,6.45,12.33,12.72,5.78,5.78,1.73,23.6,4.72,1.45,2.12,1.73,1.73,6.36,4.24,2.02,0.29,0.29,0.67,11.56,0.0,0.0,0.0,1.16,11.27,2.02,1.54,1.25,2.6,1.16,3.76,2.02,0.96,0.77,0.29,0.67,0.0,0.67,0.0,0.0,8.77,2.89,1.06,2.7,1.83,0.87,4.91,15.41,2.22,12.62,1.73,6.84,4.05,1.54,0.0,0.1,0.1,0.1,0.1,0.67,0.0,0.1,0.39,0.19,0.0,19.56,8.48,6.36,0.1,0.39,0.39,0.0,0.0,0.0,3.66,0.0,0.19,204.0,2.04,0.19029850746268656,67.0,0.67,0.0625,83.0,0.83,0.07742537313432836,231.0,2.31,0.21548507462686567,137.0,0.12779850746268656
13,13,Trump - Speech14 - Edited.txt,28/08/2017,2017-08-28,2457993.5,0.2749326145552561,2226.0,612.0,14.032608695652176,9.0,8.0,88.0,0.0,4.0,169.0,184.0,4.0,86.0,34.0,203.0,1.0,0.0,238.0,145.0,5.0,7.0,58.0,215.0,155.0,5.0,74.0,249.0,18.0,178.0,3.0,47.0,7.0,99.0,62.0,45.0,49.0,123.0,75.0,10.0,16.0,9.0,4.0,0.0,1.0,0.0,0.0,0.0,1,2163,42.8,81.26,31.31,79.01,11.76,16.78,87.93,57.79,17.38,10.36,3.24,2.64,2.68,0.88,0.92,7.03,7.86,12.16,11.93,6.61,6.61,0.97,20.39,5.18,2.36,1.2,1.94,2.59,5.64,4.25,1.34,0.23,0.37,0.18,11.05,0.05,0.09,0.09,0.83,12.39,3.01,0.74,2.68,3.05,1.66,3.28,1.66,0.46,0.92,0.23,0.69,0.0,0.51,0.0,0.05,9.94,3.56,0.74,3.14,1.94,1.06,3.7,13.18,3.28,12.11,2.27,6.24,3.98,1.94,0.05,0.0,1.25,0.0,0.09,1.02,0.0,0.0,0.69,0.32,0.0,21.08,7.91,7.81,0.14,0.05,0.65,0.0,0.23,0.37,3.79,0.0,0.14,449.0,4.49,0.20170709793351302,157.0,1.57,0.07053009883198562,178.0,1.78,0.07996406109613657,453.0,4.53,0.20350404312668463,267.0,0.11994609164420485
14,14,Trump - Speech15 - Edited.txt,07/09/2017,2017-09-07,2458003.5,0.3441208198489752,927.0,319.0,12.647058823529413,1.0,6.0,55.0,0.0,0.0,63.0,85.0,1.0,34.0,4.0,80.0,3.0,0.0,94.0,53.0,1.0,3.0,33.0,73.0,60.0,2.0,29.0,115.0,6.0,74.0,2.0,22.0,4.0,69.0,11.0,20.0,20.0,64.0,32.0,4.0,8.0,2.0,0.0,0.0,1.0,1.0,0.0,2.0,1,899,30.08,81.92,50.16,75.34,10.58,16.02,92.44,60.51,19.13,11.46,4.12,4.0,2.45,0.11,0.78,7.68,7.56,11.12,14.68,4.89,6.34,1.89,24.58,5.23,2.34,1.11,0.78,1.89,6.56,4.45,1.78,0.67,0.44,0.11,12.35,0.0,0.11,0.0,0.33,15.35,4.23,1.22,3.34,3.78,2.34,3.67,2.11,1.22,0.78,0.11,0.0,0.0,0.0,0.0,0.0,12.57,5.23,2.78,3.0,2.11,1.0,3.67,17.13,2.45,12.46,2.11,5.34,5.23,1.78,0.0,0.11,0.78,0.0,0.22,1.45,0.0,0.22,0.78,0.44,0.0,21.13,9.23,7.01,0.0,0.11,0.67,0.0,0.0,0.0,3.89,0.0,0.22,164.0,1.64,0.17691477885652643,57.0,0.57,0.061488673139158574,77.0,0.77,0.08306364617044229,216.0,2.16,0.23300970873786409,121.0,0.13052858683926646
15,15,Trump - Speech16 - Edited.txt,26/09/2017,2017-09-26,2458022.5,0.31836091410559497,1269.0,404.0,13.895238095238097,9.0,2.0,40.0,0.0,0.0,84.0,105.0,2.0,56.0,12.0,105.0,0.0,0.0,132.0,89.0,2.0,1.0,27.0,114.0,82.0,2.0,42.0,145.0,25.0,103.0,4.0,26.0,2.0,56.0,36.0,36.0,42.0,77.0,38.0,6.0,2.0,3.0,0.0,0.0,1.0,1.0,0.0,1.0,1,1221,29.07,85.09,27.23,70.47,11.63,14.91,89.03,58.8,18.26,11.71,3.52,4.26,1.72,0.57,1.64,6.55,6.88,11.38,13.1,5.98,8.03,1.56,21.62,5.16,2.21,0.49,1.72,1.97,6.88,4.5,2.13,0.25,0.33,0.57,12.78,0.16,0.0,0.0,0.57,10.57,2.38,0.82,1.8,1.64,1.88,3.28,1.97,0.82,1.06,0.08,1.47,0.66,0.33,0.08,0.41,11.71,4.67,0.98,3.52,2.13,0.57,5.49,13.1,1.15,10.57,0.98,6.14,3.69,2.7,0.33,0.25,0.08,0.0,0.08,0.74,0.0,0.0,0.33,0.41,0.0,20.97,8.6,6.88,0.08,0.08,0.25,0.0,0.0,0.0,5.08,0.0,0.0,240.0,2.4,0.18912529550827423,92.0,0.92,0.07249802994483845,105.0,1.05,0.08274231678486997,285.0,2.85,0.22458628841607564,170.0,0.13396375098502758
16,16,Trump - Speech17 - Edited.txt,16/10/2017,2017-10-16,2458042.5,0.20796676441837733,4092.0,851.0,13.592592592592592,25.0,16.0,237.0,2.0,0.0,325.0,351.0,8.0,145.0,57.0,351.0,5.0,0.0,382.0,222.0,8.0,9.0,68.0,416.0,163.0,15.0,151.0,525.0,29.0,359.0,12.0,138.0,15.0,216.0,78.0,132.0,69.0,324.0,127.0,11.0,25.0,21.0,0.0,0.0,9.0,0.0,0.0,3.0,1,3951,28.86,78.74,53.42,75.94,11.26,13.31,91.6,60.87,18.78,12.05,3.92,3.54,2.15,0.91,1.52,6.71,6.4,12.71,13.64,6.71,6.83,1.9,24.37,4.45,1.8,1.21,1.85,2.48,5.11,3.85,1.14,0.05,0.25,0.25,12.07,0.05,0.1,0.23,0.78,11.52,2.13,1.01,1.9,2.68,1.29,3.95,1.77,1.06,0.53,0.18,1.04,0.2,0.63,0.03,0.2,10.58,4.07,1.7,3.09,1.97,0.46,3.59,17.44,3.19,14.33,2.76,7.14,4.58,2.38,0.25,0.05,1.06,0.05,0.03,1.32,0.03,0.0,0.53,0.76,0.0,22.75,8.76,8.23,0.08,0.13,0.18,0.0,0.15,0.0,5.14,0.0,0.1,745.0,7.45,0.18206256109481916,239.0,2.39,0.05840664711632453,362.0,3.62,0.0884652981427175,946.0,9.46,0.23118279569892472,554.0,0.135386119257087
17,17,Trump - Speech18 - Edited.txt,17/10/2017,2017-10-17,2458043.5,0.2977303070761015,1498.0,446.0,15.194690265486724,7.0,0.0,73.0,0.0,0.0,105.0,113.0,1.0,65.0,13.0,151.0,2.0,0.0,154.0,102.0,9.0,1.0,31.0,148.0,65.0,12.0,76.0,170.0,11.0,117.0,7.0,40.0,3.0,61.0,19.0,48.0,24.0,112.0,40.0,3.0,5.0,5.0,0.0,1.0,1.0,1.0,1.0,0.0,1,1454,44.66,83.74,47.55,98.43,12.87,15.61,90.92,57.91,16.09,10.11,2.68,3.78,1.51,0.14,1.99,5.98,7.91,12.24,12.38,6.05,7.29,1.17,22.01,5.02,1.99,0.83,1.31,3.09,7.02,6.26,0.62,0.07,0.0,0.07,11.21,0.0,0.28,0.0,0.14,11.14,2.96,1.99,0.96,2.34,1.72,2.82,2.2,1.17,0.55,0.48,0.48,0.07,0.28,0.07,0.0,13.2,4.4,2.2,3.92,3.37,0.34,2.96,15.27,3.65,13.27,2.34,7.7,3.78,2.54,0.14,0.21,1.72,0.21,0.21,0.89,0.0,0.0,0.62,0.28,0.0,20.22,7.63,7.22,0.07,0.0,0.28,0.0,0.34,0.0,4.61,0.0,0.07,301.0,3.01,0.20093457943925233,112.0,1.12,0.07476635514018691,118.0,1.18,0.0787716955941255,304.0,3.04,0.20293724966622162,181.0,0.12082777036048065
18,18,Trump - Speech19 - Edited.txt,06/11/2017,2017-11-06,2458063.5,0.3325041459369817,1206.0,401.0,18.47297297297297,1.0,5.0,49.0,2.0,1.0,87.0,74.0,3.0,49.0,10.0,110.0,0.0,0.0,131.0,83.0,4.0,5.0,32.0,114.0,40.0,8.0,49.0,140.0,13.0,103.0,6.0,23.0,1.0,61.0,22.0,21.0,31.0,68.0,49.0,10.0,6.0,6.0,1.0,0.0,2.0,0.0,0.0,2.0,1,1179,25.24,78.74,34.81,54.51,15.93,15.69,91.18,61.83,19.17,9.75,2.71,2.54,2.37,0.93,1.19,9.41,6.87,11.79,13.57,6.7,8.4,1.1,21.63,5.43,3.14,1.36,1.7,3.31,5.09,3.22,1.7,0.08,0.17,0.51,11.45,0.08,0.17,0.0,1.02,13.06,2.12,1.1,2.63,3.65,0.93,4.58,1.95,1.19,0.76,0.0,0.34,0.0,0.34,0.0,0.0,7.8,2.97,1.27,2.37,1.36,0.68,4.33,14.76,2.21,12.81,1.95,6.53,4.5,2.21,0.0,0.0,1.44,0.25,0.08,0.25,0.0,0.0,0.0,0.25,0.0,18.49,6.19,7.38,0.0,0.25,0.08,0.0,0.42,0.17,3.82,0.0,0.17,211.0,2.11,0.17495854063018243,92.0,0.92,0.07628524046434494,105.0,1.05,0.08706467661691543,252.0,2.52,0.208955223880597,153.0,0.12686567164179105
19,19,Trump - Speech20 - Edited.txt,07/11/2017,2017-11-07,2458064.5,0.34006376195536664,941.0,320.0,15.897058823529413,2.0,1.0,50.0,0.0,0.0,70.0,68.0,3.0,37.0,5.0,92.0,4.0,0.0,92.0,42.0,2.0,7.0,26.0,93.0,50.0,1.0,23.0,121.0,7.0,69.0,6.0,25.0,2.0,59.0,17.0,24.0,21.0,64.0,30.0,8.0,9.0,1.0,0.0,0.0,2.0,0.0,0.0,1.0,1,908,21.62,77.97,40.08,93.97,13.16,12.33,92.29,61.67,21.37,12.33,3.74,4.19,2.53,0.66,1.21,9.03,6.39,11.23,13.33,5.62,6.94,2.31,24.34,3.52,1.98,1.98,0.99,3.08,5.84,5.07,0.66,0.0,0.0,0.0,12.11,0.0,0.0,0.0,0.88,16.08,3.96,1.43,3.19,4.19,1.21,5.07,2.09,0.55,0.77,0.33,0.22,0.11,0.0,0.11,0.0,10.35,4.74,0.55,2.75,1.65,0.88,3.85,16.96,2.64,10.57,1.43,6.61,2.64,0.88,0.22,0.0,1.43,0.11,0.22,0.77,0.0,0.0,0.44,0.33,0.0,20.37,7.27,7.71,0.22,0.11,0.33,0.0,0.0,0.0,4.74,0.0,0.0,167.0,1.67,0.17747077577045697,51.0,0.51,0.05419766206163656,70.0,0.7,0.07438894792773645,215.0,2.15,0.22848034006376194,128.0,0.13602550478214664
20,20,Trump - Speech21 - Edited.txt,12/11/2017,2017-11-12,2458069.5,0.4137291280148423,539.0,223.0,15.073170731707316,2.0,8.0,23.0,0.0,1.0,38.0,41.0,2.0,23.0,3.0,34.0,6.0,0.0,57.0,27.0,0.0,0.0,9.0,47.0,27.0,0.0,17.0,54.0,9.0,55.0,0.0,25.0,1.0,35.0,23.0,8.0,10.0,27.0,26.0,4.0,5.0,2.0,1.0,0.0,0.0,0.0,0.0,1.0,1,525,23.13,53.81,32.56,65.47,12.8,17.52,92.19,62.48,21.14,9.71,4.19,2.48,0.38,1.71,0.95,11.43,4.57,13.71,11.62,7.05,7.62,2.1,22.48,3.62,1.71,1.71,1.14,1.14,6.86,4.38,2.29,0.19,0.38,0.0,8.95,0.0,0.19,0.38,1.33,17.33,5.71,1.71,2.48,2.67,2.1,4.57,1.9,0.38,0.76,0.76,0.38,0.0,0.38,0.0,0.0,11.81,3.24,1.9,2.29,3.43,1.33,5.14,16.95,0.57,8.0,0.19,5.33,2.86,2.29,0.19,0.0,0.0,0.0,0.0,0.57,0.0,0.0,0.57,0.0,0.0,19.05,7.81,7.24,0.0,0.38,0.0,0.0,0.0,0.38,3.24,0.0,0.0,91.0,0.91,0.16883116883116883,27.0,0.27,0.05009276437847866,56.0,0.56,0.1038961038961039,129.0,1.29,0.23933209647495363,63.0,0.11688311688311688
21,21,Trump - Speech22 - Edited.txt,10/01/2018,2018-01-10,2458128.5,0.3200285103349965,1403.0,449.0,13.235772357723578,2.0,5.0,40.0,0.0,1.0,97.0,123.0,8.0,64.0,7.0,154.0,6.0,0.0,143.0,77.0,6.0,2.0,26.0,166.0,69.0,11.0,40.0,151.0,19.0,101.0,9.0,30.0,1.0,60.0,49.0,33.0,22.0,79.0,45.0,6.0,7.0,9.0,1.0,2.0,1.0,0.0,0.0,3.0,1,1356,32.36,70.24,35.71,90.38,11.02,14.82,90.12,60.77,19.1,10.1,3.32,3.54,1.7,0.44,1.11,9.0,7.45,12.09,11.8,6.27,7.23,2.51,20.72,4.28,1.99,1.33,0.59,3.17,7.45,5.68,1.77,0.0,0.15,0.29,10.03,0.0,0.0,0.29,0.22,13.5,2.43,1.18,2.21,3.24,1.62,4.13,2.51,0.74,1.18,0.29,0.44,0.0,0.15,0.0,0.15,11.65,3.69,2.06,3.32,2.14,1.33,4.79,13.5,1.77,11.58,1.47,6.86,3.24,2.58,0.15,0.07,0.44,0.07,0.07,0.81,0.0,0.0,0.44,0.37,0.0,21.31,8.48,7.15,0.37,0.22,0.59,0.0,0.07,0.15,4.13,0.0,0.15,286.0,2.86,0.20384889522451888,85.0,0.85,0.06058446186742694,104.0,1.04,0.07412687099073414,288.0,2.88,0.2052744119743407,170.0,0.12116892373485388
22,22,Trump - Speech23 - Edited.txt,23/02/2018,2018-02-23,2458172.5,0.25366262034323983,2389.0,606.0,14.655913978494626,6.0,11.0,125.0,0.0,5.0,149.0,186.0,7.0,107.0,15.0,220.0,5.0,1.0,224.0,142.0,11.0,3.0,53.0,231.0,122.0,12.0,94.0,272.0,18.0,172.0,11.0,85.0,3.0,145.0,45.0,59.0,42.0,147.0,82.0,18.0,11.0,16.0,5.0,2.0,4.0,0.0,0.0,2.0,1,2294,34.45,84.93,25.71,73.04,12.27,13.91,90.98,59.94,17.96,10.51,2.62,3.01,1.87,1.61,1.39,7.45,6.97,12.55,12.99,6.1,7.06,1.96,22.76,4.71,2.09,1.22,1.05,1.92,5.93,4.14,1.61,0.09,0.44,0.0,13.56,0.17,0.13,0.7,1.31,11.38,1.96,1.53,2.01,2.4,1.35,3.53,1.44,0.52,0.74,0.17,0.57,0.0,0.22,0.0,0.0,11.2,4.14,1.48,3.14,2.31,0.78,3.53,16.22,2.48,12.6,2.09,7.06,3.49,2.66,0.17,0.22,1.05,0.17,0.17,0.74,0.0,0.0,0.31,0.35,0.0,20.92,7.93,6.5,0.09,0.22,0.31,0.0,0.44,0.44,5.01,0.0,0.0,459.0,4.59,0.1921305985768104,156.0,1.56,0.06529928840519046,174.0,1.74,0.07283382168271244,520.0,5.2,0.2176642946839682,290.0,0.12138970280452072
23,23,Trump - Speech24 - Edited.txt,06/03/2018,2018-03-06,2458183.5,0.23968835930339136,2182.0,523.0,13.765027322404373,18.0,3.0,92.0,8.0,6.0,152.0,183.0,22.0,108.0,30.0,174.0,7.0,0.0,197.0,116.0,9.0,6.0,35.0,186.0,97.0,6.0,79.0,288.0,25.0,208.0,10.0,49.0,3.0,100.0,28.0,63.0,48.0,176.0,70.0,5.0,6.0,9.0,6.0,0.0,0.0,0.0,0.0,4.0,1,2040,20.76,80.17,47.91,85.67,11.15,14.22,91.03,60.44,19.22,12.4,3.73,5.29,1.27,0.15,1.96,6.81,5.49,11.52,12.89,6.96,8.09,2.21,22.84,4.66,2.16,0.88,2.01,3.14,6.18,4.71,1.27,0.05,0.29,0.44,12.3,0.0,0.15,0.0,0.15,13.04,2.84,1.47,1.52,1.96,1.57,4.46,2.11,1.13,0.54,0.29,0.05,0.0,0.0,0.0,0.0,12.06,6.23,1.52,2.45,1.96,1.03,3.73,15.88,2.3,11.32,1.86,7.06,2.55,3.38,0.0,0.49,1.37,0.1,0.1,0.83,0.0,0.0,0.15,0.69,0.0,24.56,8.82,7.45,0.1,0.25,0.15,0.0,1.62,0.59,5.2,0.0,0.39,368.0,3.68,0.1686526122823098,131.0,1.31,0.06003666361136572,212.0,2.12,0.09715857011915674,485.0,4.85,0.22227314390467462,313.0,0.14344637946837763
24,24,Trump - Speech25 - Edited.txt,24/04/2018,2018-04-24,2458232.5,0.2574018126888217,3310.0,852.0,14.306818181818182,9.0,7.0,136.0,7.0,13.0,200.0,264.0,5.0,140.0,34.0,273.0,4.0,0.0,355.0,212.0,4.0,7.0,87.0,322.0,236.0,15.0,108.0,365.0,48.0,226.0,14.0,97.0,5.0,177.0,75.0,69.0,80.0,175.0,88.0,14.0,25.0,9.0,13.0,0.0,10.0,0.0,0.0,1.0,1,3194,42.81,83.41,26.61,83.21,12.14,15.78,88.76,58.48,17.97,11.43,3.38,3.6,1.66,1.22,1.57,6.54,6.7,13.31,12.05,4.79,6.92,1.75,20.57,4.16,1.78,1.35,1.38,1.94,6.54,4.82,1.6,0.38,0.69,0.09,12.87,0.13,0.19,0.0,1.6,11.49,1.94,1.22,2.54,1.82,1.85,3.29,1.75,0.44,1.03,0.13,0.56,0.16,0.31,0.0,0.03,11.83,4.54,1.47,4.07,1.78,0.85,4.1,12.52,2.32,12.4,1.6,6.54,4.26,3.1,0.19,0.34,0.91,0.06,0.28,0.69,0.0,0.0,0.34,0.34,0.0,20.44,7.92,6.26,0.09,0.06,0.53,0.0,0.34,0.81,4.07,0.0,0.34,681.0,6.81,0.2057401812688822,223.0,2.23,0.06737160120845921,227.0,2.27,0.06858006042296072,664.0,6.64,0.20060422960725074,413.0,0.12477341389728097
25,25,Trump - Speech26 - Edited.txt,27/04/2018,2018-04-27,2458235.5,0.2297979797979798,2376.0,546.0,15.162011173184354,10.0,15.0,100.0,15.0,0.0,159.0,177.0,40.0,87.0,36.0,218.0,7.0,0.0,210.0,131.0,14.0,5.0,59.0,212.0,107.0,9.0,85.0,324.0,9.0,140.0,10.0,70.0,4.0,123.0,75.0,76.0,45.0,150.0,70.0,16.0,14.0,9.0,0.0,0.0,5.0,2.0,0.0,1.0,1,2205,31.7,80.04,30.34,90.69,12.32,14.51,90.93,59.68,20.82,12.2,4.63,3.54,1.68,1.27,1.09,8.62,7.62,11.43,12.79,5.26,6.21,1.59,23.36,4.81,2.45,1.18,2.22,3.04,5.9,4.9,0.95,0.09,0.27,0.09,13.11,0.09,0.0,0.05,1.59,12.52,2.63,1.18,1.95,2.95,1.09,3.67,1.68,0.41,1.0,0.27,0.54,0.14,0.23,0.0,0.0,10.29,4.35,0.82,3.13,2.0,0.27,5.17,15.19,2.45,10.2,1.95,5.53,2.86,3.17,0.14,0.05,1.32,0.0,0.05,0.54,0.0,0.0,0.41,0.14,0.0,25.71,7.71,7.44,0.0,0.32,0.63,0.0,3.04,0.0,5.58,0.0,1.0,413.0,4.13,0.17382154882154882,150.0,1.5,0.06313131313131314,143.0,1.43,0.06018518518518518,539.0,5.39,0.22685185185185186,333.0,0.14015151515151514
26,26,Trump - Speech27 - Edited.txt,30/04/2018,2018-04-30,2458238.5,0.25759345794392524,1712.0,441.0,11.951219512195122,10.0,6.0,70.0,4.0,2.0,81.0,163.0,19.0,81.0,16.0,159.0,7.0,0.0,151.0,91.0,8.0,4.0,40.0,162.0,72.0,3.0,61.0,216.0,13.0,141.0,7.0,45.0,6.0,93.0,33.0,45.0,26.0,108.0,66.0,11.0,15.0,6.0,1.0,0.0,2.0,0.0,0.0,2.0,1,1595,23.16,79.77,46.26,94.93,9.67,17.87,92.41,60.69,19.44,11.03,3.07,4.45,2.01,0.31,1.19,8.4,6.9,11.29,12.73,6.33,7.96,2.95,22.63,3.64,1.82,1.5,1.19,3.01,6.14,5.27,0.69,0.06,0.25,0.0,11.6,0.0,0.06,0.0,0.31,13.67,3.39,1.44,2.13,3.32,1.63,3.7,1.82,1.19,0.63,0.0,0.13,0.0,0.06,0.0,0.0,12.6,4.83,2.01,3.95,2.07,0.56,3.32,16.43,2.13,12.73,1.63,8.46,2.82,2.76,0.25,0.13,1.07,0.06,0.0,1.0,0.0,0.0,0.38,0.63,0.0,24.95,10.34,5.08,0.13,0.0,0.69,0.0,2.01,0.19,5.83,0.0,0.69,298.0,2.98,0.17406542056074767,103.0,1.03,0.06016355140186916,143.0,1.43,0.08352803738317757,371.0,3.71,0.2167056074766355,229.0,0.13376168224299065
27,27,Trump - Speech28 - Edited.txt,01/06/2018,2018-06-01,2458270.5,0.1871803614047051,2933.0,549.0,11.632302405498278,16.0,12.0,137.0,4.0,0.0,159.0,291.0,44.0,108.0,41.0,237.0,3.0,0.0,241.0,152.0,2.0,5.0,78.0,229.0,115.0,5.0,94.0,427.0,21.0,225.0,20.0,94.0,6.0,190.0,77.0,98.0,45.0,229.0,99.0,8.0,17.0,20.0,0.0,0.0,0.0,1.0,0.0,0.0,1,2706,19.92,83.36,54.59,85.32,9.3,12.49,92.68,61.49,20.99,13.3,4.55,4.58,2.37,0.41,1.4,7.69,6.25,11.9,14.19,6.5,6.47,2.77,27.24,3.25,1.07,1.4,1.63,1.7,5.28,4.32,0.92,0.18,0.3,0.22,14.23,0.07,0.18,0.0,0.55,14.08,2.85,1.55,2.33,2.48,1.44,4.18,2.25,1.59,0.63,0.04,0.22,0.0,0.0,0.0,0.0,11.09,5.62,1.18,2.62,2.4,0.37,4.62,18.11,3.4,12.86,2.7,6.06,4.25,2.88,0.07,0.15,1.07,0.0,0.18,1.0,0.0,0.0,0.33,0.63,0.0,26.94,9.9,5.91,0.07,0.15,0.85,0.0,2.99,0.0,6.76,0.0,0.3,443.0,4.43,0.1510398908966928,159.0,1.59,0.05421070576201841,226.0,2.26,0.07705421070576202,738.0,7.38,0.2516195022161609,448.0,0.15274463007159905
28,28,Trump - Speech29 - Edited.txt,16/07/2018,2018-07-16,2458315.5,0.2825040128410915,2492.0,704.0,13.236966824644547,7.0,9.0,88.0,0.0,0.0,89.0,211.0,1.0,82.0,28.0,240.0,10.0,0.0,258.0,156.0,5.0,5.0,45.0,291.0,146.0,16.0,96.0,257.0,34.0,182.0,7.0,79.0,1.0,121.0,96.0,48.0,44.0,135.0,64.0,7.0,12.0,19.0,0.0,2.0,0.0,4.0,0.0,2.0,1,2374,49.56,79.66,42.87,87.72,11.15,18.11,89.55,57.29,16.81,10.15,3.92,3.83,1.1,0.38,0.93,6.66,7.03,13.06,11.2,6.19,5.52,1.47,19.67,3.62,1.81,1.39,1.6,2.78,6.99,5.31,1.68,0.38,0.55,0.13,11.5,0.04,0.0,0.08,0.42,11.67,2.95,1.26,1.64,2.36,1.94,2.74,1.9,0.67,0.88,0.29,0.04,0.0,0.04,0.0,0.0,12.97,4.89,2.74,4.3,2.02,0.8,5.05,13.14,1.64,12.34,1.43,6.91,4.17,3.75,0.08,0.04,0.17,0.04,0.08,0.55,0.0,0.0,0.17,0.38,0.0,15.5,8.59,3.83,0.04,0.0,0.38,0.0,0.17,0.04,2.44,0.0,0.0,549.0,5.49,0.22030497592295345,166.0,1.66,0.0666131621187801,188.0,1.88,0.0754414125200642,508.0,5.08,0.20385232744783308,291.0,0.11677367576243981
